{
  "rightHand": {
    "isPinchGesture": true,
    "jointPositions": {
      "thumbTip": {
        "z": -10.49937629699707,
        "y": 0.3244265615940094,
        "x": 2.978078603744507
      },
      "ringFingerTip": {
        "x": 3.0243492126464844,
        "y": 0.29705867171287537,
        "z": -10.436871528625488
      },
      "thumbIntermediateTip": {
        "y": 0.3261418044567108,
        "z": -10.486663818359375,
        "x": 2.95361328125
      },
      "indexFingerMetacarpal": {
        "x": 2.8940701484680176,
        "y": 0.32971417903900146,
        "z": -10.433563232421875
      },
      "ringFingerMetacarpal": {
        "y": 0.3127945363521576,
        "z": -10.416728019714355,
        "x": 2.900279998779297
      },
      "middleFingerIntermediateTip": {
        "y": 0.3216760456562042,
        "z": -10.441225051879883,
        "x": 3.0169947147369385
      },
      "forearmWrist": {
        "z": -10.420855522155762,
        "x": 2.875335216522217,
        "y": 0.3128695487976074
      },
      "ringFingerKnuckle": {
        "y": 0.32128041982650757,
        "z": -10.411126136779785,
        "x": 2.9549083709716797
      },
      "thumbIntermediateBase": {
        "y": 0.3297843635082245,
        "z": -10.47464370727539,
        "x": 2.928197145462036
      },
      "thumbKnuckle": {
        "x": 2.8941805362701416,
        "y": 0.324382483959198,
        "z": -10.439985275268555
      },
      "littleFingerKnuckle": {
        "z": -10.399004936218262,
        "x": 2.94980525970459,
        "y": 0.3061995506286621
      },
      "indexFingerIntermediateTip": {
        "x": 2.997140645980835,
        "y": 0.3238475024700165,
        "z": -10.465315818786621
      },
      "middleFingerIntermediateBase": {
        "y": 0.3347494602203369,
        "z": -10.428062438964844,
        "x": 2.997339963912964
      },
      "littleFingerTip": {
        "z": -10.411334991455078,
        "y": 0.2877654433250427,
        "x": 3.006129741668701
      },
      "littleFingerIntermediateBase": {
        "z": -10.394604682922363,
        "x": 2.9811646938323975,
        "y": 0.30678609013557434
      },
      "middleFingerKnuckle": {
        "x": 2.955237865447998,
        "y": 0.3374224901199341,
        "z": -10.425616264343262
      },
      "middleFingerTip": {
        "x": 3.0304758548736572,
        "y": 0.309423565864563,
        "z": -10.453597068786621
      },
      "littleFingerMetacarpal": {
        "x": 2.9018561840057373,
        "y": 0.3022429347038269,
        "z": -10.40701961517334
      },
      "indexFingerIntermediateBase": {
        "z": -10.454578399658203,
        "x": 2.984671115875244,
        "y": 0.33918625116348267
      },
      "indexFingerTip": {
        "z": -10.475955963134766,
        "x": 3.0057919025421143,
        "y": 0.30829480290412903
      },
      "littleFingerIntermediateTip": {
        "z": -10.401409149169922,
        "x": 2.9951233863830566,
        "y": 0.29857689142227173
      },
      "ringFingerIntermediateTip": {
        "y": 0.309398889541626,
        "x": 3.0120010375976562,
        "z": -10.424866676330566
      },
      "forearmArm": {
        "x": 2.6497974395751953,
        "y": 0.3474762439727783,
        "z": -10.329483985900879
      },
      "wrist": {
        "y": 0.312869668006897,
        "x": 2.875335931777954,
        "z": -10.420853614807129
      },
      "ringFingerIntermediateBase": {
        "z": -10.412277221679688,
        "x": 2.9936816692352295,
        "y": 0.32192376255989075
      },
      "indexFingerKnuckle": {
        "z": -10.443489074707031,
        "x": 2.948897123336792,
        "y": 0.3532937169075012
      },
      "middleFingerMetacarpal": {
        "z": -10.4249906539917,
        "x": 2.8983852863311768,
        "y": 0.3220871388912201
      }
    }
  },
  "leftHand": {
    "jointPositions": {
      "ringFingerIntermediateBase": {
        "x": 3.0671498775482178,
        "z": -10.462176322937012,
        "y": 0.33173370361328125
      },
      "thumbTip": {
        "z": -10.455612182617188,
        "y": 0.3247765004634857,
        "x": 3.0286731719970703
      },
      "indexFingerTip": {
        "y": 0.31507763266563416,
        "x": 3.022535800933838,
        "z": -10.433372497558594
      },
      "middleFingerMetacarpal": {
        "y": 0.36062970757484436,
        "z": -10.513060569763184,
        "x": 3.0534110069274902
      },
      "middleFingerKnuckle": {
        "z": -10.494954109191895,
        "x": 3.0459368228912354,
        "y": 0.35941651463508606
      },
      "littleFingerIntermediateTip": {
        "z": -10.467924118041992,
        "y": 0.30865827202796936,
        "x": 3.0666537284851074
      },
      "middleFingerTip": {
        "y": 0.3018828332424164,
        "x": 3.0310683250427246,
        "z": -10.437973976135254
      },
      "ringFingerMetacarpal": {
        "z": -10.515040397644043,
        "y": 0.3521842062473297,
        "x": 3.0616672039031982
      },
      "littleFingerTip": {
        "z": -10.460953712463379,
        "y": 0.2959975004196167,
        "x": 3.0580103397369385
      },
      "middleFingerIntermediateBase": {
        "z": -10.45373249053955,
        "x": 3.053518295288086,
        "y": 0.3399010896682739
      },
      "littleFingerMetacarpal": {
        "y": 0.34224894642829895,
        "z": -10.517997741699219,
        "x": 3.0714168548583984
      },
      "indexFingerKnuckle": {
        "x": 3.0294501781463623,
        "z": -10.491713523864746,
        "y": 0.37298300862312317
      },
      "wrist": {
        "y": 0.3483285903930664,
        "x": 3.0620064735412598,
        "z": -10.524316787719727
      },
      "littleFingerIntermediateBase": {
        "y": 0.32051798701286316,
        "z": -10.479126930236816,
        "x": 3.072605609893799
      },
      "indexFingerIntermediateBase": {
        "x": 3.035303831100464,
        "y": 0.35161343216896057,
        "z": -10.45347785949707
      },
      "thumbIntermediateBase": {
        "x": 3.017871141433716,
        "z": -10.473078727722168,
        "y": 0.3576616942882538
      },
      "thumbKnuckle": {
        "x": 3.0385847091674805,
        "y": 0.35815849900245667,
        "z": -10.507098197937012
      },
      "forearmArm": {
        "x": 3.007164239883423,
        "y": 0.19908790290355682,
        "z": -10.774484634399414
      },
      "forearmWrist": {
        "y": 0.34832873940467834,
        "x": 3.062006711959839,
        "z": -10.524317741394043
      },
      "indexFingerIntermediateTip": {
        "z": -10.440716743469238,
        "y": 0.33281105756759644,
        "x": 3.0298168659210205
      },
      "ringFingerKnuckle": {
        "x": 3.0599000453948975,
        "z": -10.500078201293945,
        "y": 0.34531107544898987
      },
      "middleFingerIntermediateTip": {
        "y": 0.31821802258491516,
        "z": -10.442150115966797,
        "x": 3.0423734188079834
      },
      "ringFingerTip": {
        "z": -10.446355819702148,
        "x": 3.04683518409729,
        "y": 0.2968638241291046
      },
      "littleFingerKnuckle": {
        "x": 3.069927453994751,
        "y": 0.3324195444583893,
        "z": -10.50854778289795
      },
      "ringFingerIntermediateTip": {
        "y": 0.31237924098968506,
        "x": 3.0569303035736084,
        "z": -10.45051097869873
      },
      "indexFingerMetacarpal": {
        "x": 3.044769287109375,
        "z": -10.511399269104004,
        "y": 0.367149293422699
      },
      "thumbIntermediateTip": {
        "x": 3.017925500869751,
        "y": 0.3355697989463806,
        "z": -10.46604061126709
      }
    },
    "isPinchGesture": false
  },
  "clientId": "DFEF841C-9442-4936-8F11-9C3595546A35",
  "timestamp": 1723077231
}
