{
  "leftHand": {
    "isPinchGesture": false,
    "jointPositions": {
      "littleFingerIntermediateTip": {
        "position": {
          "y": 0.8002088069915771,
          "x": -0.2740827202796936,
          "z": -0.4063931405544281
        },
        "orientation": {
          "x": 0.6288431882858276,
          "w": 0.4703207015991211,
          "y": -0.2712675631046295,
          "z": -0.5565683841705322
        }
      },
      "middleFingerMetacarpal": {
        "orientation": {
          "x": 0.7255864143371582,
          "z": -0.6690331697463989,
          "w": 0.03629443794488907,
          "y": 0.15684908628463745
        },
        "position": {
          "y": 0.814789354801178,
          "z": -0.30496692657470703,
          "x": -0.24038779735565186
        }
      },
      "littleFingerMetacarpal": {
        "orientation": {
          "y": -0.15247441828250885,
          "w": -0.051494888961315155,
          "z": 0.7377697825431824,
          "x": -0.655587911605835
        },
        "position": {
          "y": 0.8043727278709412,
          "x": -0.26584145426750183,
          "z": -0.30786988139152527
        }
      },
      "indexFingerTip": {
        "orientation": {
          "y": -0.2737739384174347,
          "w": 0.4045579731464386,
          "x": 0.6220729947090149,
          "z": -0.6118869185447693
        },
        "position": {
          "y": 0.7804745435714722,
          "x": -0.21293601393699646,
          "z": -0.4371178150177002
        }
      },
      "littleFingerIntermediateBase": {
        "position": {
          "z": -0.39320409297943115,
          "x": -0.2769330143928528,
          "y": 0.8128291368484497
        },
        "orientation": {
          "z": -0.6268851161003113,
          "x": 0.6655399203300476,
          "y": -0.1625325083732605,
          "w": 0.3710184097290039
        }
      },
      "ringFingerMetacarpal": {
        "position": {
          "x": -0.2521573603153229,
          "z": -0.30681726336479187,
          "y": 0.8099405765533447
        },
        "orientation": {
          "x": -0.6843432784080505,
          "w": -0.045521631836891174,
          "y": -0.15436884760856628,
          "z": 0.7111766338348389
        }
      },
      "thumbTip": {
        "orientation": {
          "y": 0.6358208656311035,
          "x": -0.41705307364463806,
          "z": 0.6111603379249573,
          "w": 0.21973121166229248
        },
        "position": {
          "z": -0.396868497133255,
          "y": 0.7883179187774658,
          "x": -0.21629171073436737
        }
      },
      "indexFingerMetacarpal": {
        "orientation": {
          "x": 0.7732687592506409,
          "y": 0.15926584601402283,
          "w": 0.024530677124857903,
          "z": -0.6132601499557495
        },
        "position": {
          "y": 0.8179404735565186,
          "z": -0.30167317390441895,
          "x": -0.22843968868255615
        }
      },
      "indexFingerKnuckle": {
        "position": {
          "y": 0.831548273563385,
          "z": -0.36653995513916016,
          "x": -0.21563677489757538
        },
        "orientation": {
          "w": -0.1800111085176468,
          "z": 0.7111290693283081,
          "x": -0.677529513835907,
          "y": 0.053340233862400055
        }
      },
      "middleFingerTip": {
        "position": {
          "x": -0.22884219884872437,
          "y": 0.7828882336616516,
          "z": -0.44826170802116394
        },
        "orientation": {
          "w": 0.46818432211875916,
          "x": 0.6347426176071167,
          "y": -0.20901279151439667,
          "z": -0.5781165361404419
        }
      },
      "littleFingerKnuckle": {
        "position": {
          "y": 0.8099809885025024,
          "x": -0.27342408895492554,
          "z": -0.3597187399864197
        },
        "orientation": {
          "x": -0.6695711016654968,
          "z": 0.7264281511306763,
          "y": -0.14171446859836578,
          "w": -0.062399350106716156
        }
      },
      "forearmArm": {
        "orientation": {
          "y": 0.07945951819419861,
          "x": 0.5416441559791565,
          "w": -0.10446867346763611,
          "z": 0.8302975296974182
        },
        "position": {
          "z": -0.03756056725978851,
          "y": 0.8059298396110535,
          "x": -0.3297448754310608
        }
      },
      "ringFingerTip": {
        "position": {
          "z": -0.4352613091468811,
          "x": -0.2516893446445465,
          "y": 0.7849032878875732
        },
        "orientation": {
          "y": -0.29753464460372925,
          "z": -0.5500057339668274,
          "x": 0.6263720393180847,
          "w": 0.4654298722743988
        }
      },
      "forearmWrist": {
        "position": {
          "y": 0.809389054775238,
          "x": -0.24577035009860992,
          "z": -0.27957069873809814
        },
        "orientation": {
          "x": 0.5416442155838013,
          "y": 0.07945950329303741,
          "w": -0.1044686809182167,
          "z": 0.8302974700927734
        }
      },
      "middleFingerKnuckle": {
        "position": {
          "z": -0.368688702583313,
          "x": -0.2373298555612564,
          "y": 0.8253394365310669
        },
        "orientation": {
          "w": -0.15446749329566956,
          "y": -0.11003175377845764,
          "z": 0.7132989168167114,
          "x": -0.6747127771377563
        }
      },
      "thumbKnuckle": {
        "position": {
          "y": 0.8078796863555908,
          "x": -0.22322329878807068,
          "z": -0.30171477794647217
        },
        "orientation": {
          "x": -0.731389582157135,
          "y": 0.29956144094467163,
          "z": 0.35150647163391113,
          "w": 0.5017721652984619
        }
      },
      "ringFingerIntermediateTip": {
        "orientation": {
          "w": 0.46542996168136597,
          "z": -0.5500059127807617,
          "x": 0.6263719797134399,
          "y": -0.2975347638130188
        },
        "position": {
          "z": -0.42640674114227295,
          "y": 0.8038378953933716,
          "x": -0.2562837302684784
        }
      },
      "wrist": {
        "orientation": {
          "w": 0.03611748293042183,
          "x": 0.7285239696502686,
          "z": -0.6655332446098328,
          "y": 0.15815727412700653
        },
        "position": {
          "y": 0.8093888759613037,
          "x": -0.24577036499977112,
          "z": -0.27957069873809814
        }
      },
      "middleFingerIntermediateTip": {
        "position": {
          "x": -0.23427227139472961,
          "y": 0.8011454939842224,
          "z": -0.4360511302947998
        },
        "orientation": {
          "y": -0.20901279151439667,
          "x": 0.6347426176071167,
          "z": -0.5781165361404419,
          "w": 0.46818432211875916
        }
      },
      "middleFingerIntermediateBase": {
        "position": {
          "x": -0.23965686559677124,
          "y": 0.8213557600975037,
          "z": -0.41589099168777466
        },
        "orientation": {
          "x": 0.6545132994651794,
          "z": -0.6194687485694885,
          "w": 0.4089560806751251,
          "y": -0.1436157375574112
        }
      },
      "thumbIntermediateBase": {
        "position": {
          "y": 0.8029882311820984,
          "z": -0.34402069449424744,
          "x": -0.19380104541778564
        },
        "orientation": {
          "w": 0.3362577557563782,
          "y": 0.540955126285553,
          "x": -0.532559335231781,
          "z": 0.5573855638504028
        }
      },
      "ringFingerKnuckle": {
        "orientation": {
          "z": 0.7258351445198059,
          "y": -0.1446993350982666,
          "w": -0.03091529570519924,
          "x": -0.6717660427093506
        },
        "position": {
          "z": -0.36765414476394653,
          "x": -0.2563278377056122,
          "y": 0.8179152607917786
        }
      },