{
  "clientId": "9dae853f1ce82e85ed2537a301f4e33db77564f8",
  "timestamp": 0.009999999776482582,
  "LeftHand": {
    "wrist": {
      "x": -0.21616414189338684,
      "y": 0.28979429602622986,
      "z": 0.6324193477630615
    },
    "palm": {
      "x": -0.17846593260765076,
      "y": 0.28495731949806213,
      "z": 0.611668050289154
    },
    "thumb": {
      "tip": {
        "x": -0.1544198989868164,
        "y": 0.1855369210243225,
        "z": 0.5986186861991882
      },
      "distal": {
        "x": -0.17222179472446442,
        "y": 0.20520362257957458,
        "z": 0.603193461894989
      },
      "proximal": {
        "x": -0.18860027194023132,
        "y": 0.23264667391777039,
        "z": 0.6129329204559326
      },
      "meta": {
        "x": -0.20187051594257355,
        "y": 0.2620064616203308,
        "z": 0.6198736429214478
      }
    },
    "index": {
      "tip": {
        "x": -0.1248331144452095,
        "y": 0.23986080288887024,
        "z": 0.5714132785797119
      },
      "distal": {
        "x": -0.11389311403036118,
        "y": 0.24148501455783844,
        "z": 0.5788094997406006
      },
      "proximal": {
        "x": -0.11837082356214523,
        "y": 0.24481166899204254,
        "z": 0.5869707465171814
      },
      "meta": {
        "x": -0.1406247913837433,
        "y": 0.2542753517627716,
        "z": 0.5992103219032288
      }
    },
    "middle": {
      "tip": {
        "x": -0.12134949862957001,
        "y": 0.26312342286109924,
        "z": 0.5551265478134155
      },
      "distal": {
        "x": -0.11429926753044128,
        "y": 0.26525449752807617,
        "z": 0.5538027882575989
      },
      "proximal": {
        "x": -0.10968329012393951,
        "y": 0.2670632600784302,
        "z": 0.572363018989563
      },
      "meta": {
        "x": -0.13813704252243042,
        "y": 0.2734658122062683,
        "z": 0.592435896396637
      }
    },
    "ring": {
      "tip": {
        "x": -0.13437128067016602,
        "y": 0.27665475010871887,
        "z": 0.5493007302284241
      },
      "distal": {
        "x": -0.13013359904289246,
        "y": 0.2793266177177429,
        "z": 0.5502602458000183
      },
      "proximal": {
        "x": -0.12159628421068192,
        "y": 0.28741684556007385,
        "z": 0.5623634457588196
      },
      "meta": {
        "x": -0.14523033797740936,
        "y": 0.28883230686187744,
        "z": 0.5802630186080933
      }
    },
    "pinky": {
      "tip": {
        "x": -0.14399152994155884,
        "y": 0.2965702712535858,
        "z": 0.5516954660415649
      },
      "distal": {
        "x": -0.13885289430618286,
        "y": 0.30307695269584656,
        "z": 0.5543448328971863
      },
      "proximal": {
        "x": -0.1437755674123764,
        "y": 0.30771395564079285,
        "z": 0.5633367896080017
      },
      "meta": {
        "x": -0.16281162202358246,
        "y": 0.30486375093460083,
        "z": 0.574213981628418
      }
    }
  },
  "RightHand": {
    "wrist": {
      "x": -0.13442760705947876,
      "y": -0.10744979977607727,
      "z": 0.7600054740905762
    },
    "palm": {
      "x": -0.09083211421966553,
      "y": -0.10790027678012848,
      "z": 0.7397482991218567
    },
    "thumb": {
      "tip": {
        "x": -0.05296449735760689,
        "y": -0.05810923874378204,
        "z": 0.6887685060501099
      },
      "distal": {
        "x": -0.07377889007329941,
        "y": -0.05875345692038536,
        "z": 0.7014029026031494
      },
      "proximal": {
        "x": -0.09544555097818375,
        "y": -0.06841658055782318,
        "z": 0.7220816612243652
      },
      "meta": {
        "x": -0.11576493084430695,
        "y": -0.08217829465866089,
        "z": 0.7362730503082275
      }
    },
    "index": {
      "tip": {
        "x": -0.04825817048549652,
        "y": -0.08498397469520569,
        "z": 0.6868915557861328
      },
      "distal": {
        "x": -0.0393652580678463,
        "y": -0.08673468232154846,
        "z": 0.691690981388092
      },
      "proximal": {
        "x": -0.030989179387688637,
        "y": -0.08604937791824341,
        "z": 0.7013009786605835
      },
      "meta": {
        "x": -0.05042271688580513,
        "y": -0.08364652097225189,
        "z": 0.7185248136520386
      }
    },
    "middle": {
      "tip": {
        "x": -0.044666849076747894,
        "y": -0.1053692102432251,
        "z": 0.6903992891311646
      },
      "distal": {
        "x": -0.041567619889974594,
        "y": -0.10690583288669586,
        "z": 0.6824955344200134
      },
      "proximal": {
        "x": -0.02740306593477726,
        "y": -0.10972746461629868,
        "z": 0.6957257986068726
      },
      "meta": {
        "x": -0.046837594360113144,
        "y": -0.10721196234226227,
        "z": 0.7211283445358276
      }
    },
    "ring": {
      "tip": {
        "x": -0.05323817580938339,
        "y": -0.1260955035686493,
        "z": 0.689524233341217
      },
      "distal": {
        "x": -0.04971360042691231,
        "y": -0.1268969625234604,
        "z": 0.6847964525222778
      },
      "proximal": {
        "x": -0.03675341606140137,
        "y": -0.1301962435245514,
        "z": 0.6957334876060486
      },
      "meta": {
        "x": -0.04988297447562218,
        "y": -0.1291235387325287,
        "z": 0.716689944267273
      }
    },
    "pinky": {
      "tip": {
        "x": -0.0639655739068985,
        "y": -0.13879862427711487,
        "z": 0.6895429491996765
      },
      "distal": {
        "x": -0.057248689234256744,
        "y": -0.14179781079292297,
        "z": 0.6904342174530029
      },
      "proximal": {
        "x": -0.04974972829222679,
        "y": -0.14776283502578735,
        "z": 0.7053115367889404
      },
      "meta": {
        "x": -0.06734573096036911,
        "y": -0.1403302550315857,
        "z": 0.7141019105911255
      }
    }
  }
}
